,precision,recall,f1-score,support
DAP,0.5,0.44,0.46808510638297873,50.0
NPK 15-15-15,0.7446808510638298,0.7,0.7216494845360825,50.0
Urea,0.7706422018348624,0.84,0.8038277511961722,100.0
accuracy,0.705,0.705,0.705,0.705
macro avg,0.6717743509662307,0.66,0.6645207807050778,200.0
weighted avg,0.6964913136833886,0.705,0.6993475233278513,200.0
